word,prediction
massive,Real
argument,Real
broke,Real
donald,Real
trump,Real
ukraine,Real
president,Real
zelensky,Real
today,Real
minutes,Real
meeting,Real
us,Real
president,Real
donald,Real
trump,Real
ukraine,Real
president,Real
volodymyr,Real
zelensky,Real
verbal,Real
clash,Real
broke,Real
two,Real
leaders,Real
oval,Real
office,Real
loud,Real
stern,Real
voice,Real
president,Real
trump,Real
told,Real
mr,Real
zelensky,Real
either,Real
deal,Real
big,Real
trouble,Real
not,Real
winning,Real
president,Real
zelensky,Real
responded,Real
equal,Real
measure,Real
saying,Real
country,Real
stayed,Real
strong,Real
time,Real
even,Real
thanked,Real
support,Real
us,Real
vice,Real
president,Real
responded,Real
meeting,Real
extraordinary,Real
shouting,Real
match,Real
ensued,Real
two,Real
leaders,Real
international,Real
media,Real
watched,Real
utter,Real
disbelief,Real
afraid,Real
dealing,Real
going,Real
things,Real
difficult,Real
president,Real
trump,Real
hopes,Real
peace,Real
deal,Real
ukraine,Real
hung,Real
balance,Real
re,Real
gambling,Real
lives,Real
millions,Real
people,Real
re,Real
gambling,Real
world,Real
war,Real
three,Real
re,Real
disrespectful,Real
country,Real
donald,Real
trump,Real
added,Real
argument,Real
extended,Real
us,Real
vice,Real
president,Real
zelensky,Real
asked,Real
desist,Real
talking,Real
loudly,Real
keeping,Real
firm,Real
tone,Real
us,Real
vice,Real
president,Real
jd,Real
vance,Real
told,Real
president,Real
zelensky,Real
diplomacy,Real
needed,Real
end,Real
war,Real
president,Real
zelensky,Real
hit,Real
back,Real
saying,Real
kind,Real
diplomacy,Real
mr,Real
vance,Real
accused,Real
disrespectful,Real
president,Real
office,Real
holy,Real
shit,Real
check,Real
dig,Real
zelensky,Real
implies,Real
trump,Real
using,Real
putin,Real
talking,Real
points,Real
trump,Real
didn,Real
military,Real
equipment,Real
war,Real
ve,Real
weeks,Real
zelensky,Real
heard,Real
putin,Real
days,Real
pic,Real
twitter,Real
com,Real
6g3hhyzawk,Real
defending,Real
vice,Real
president,Real
donald,Real
trump,Real
lashed,Real
president,Real
zelensky,Real
saying,Real
given,Real
350,Real
billion,Real
gave,Real
military,Real
equipment,Real
lot,Real
backing,Real
didn,Real
military,Real
equipment,Real
war,Real
two,Real
weeks,Real
president,Real
zelensky,Real
immediately,Real
shot,Real
back,Real
indirectly,Real
accusing,Real
trump,Real
speaking,Real
words,Real
putin,Real
saying,Real
yes,Real
yes,Real
wouldn,Real
lasted,Real
even,Real
two,Real
three,Real
days,Real
heard,Real
putin,Real
donald,Real
trump,Real
surprised,Real
zelensky,Real
resilience,Real
verbal,Real
dressing,Real
down,Real
ended,Real
saying,Real
going,Real
hard,Real
thing,Real
business,Real
crucial,Real
minerals,Real
deal,Real
seemed,Real
close,Real
slipping,Real
away,Real
no,Real
deal,Real
mean,Real
no,Real
ceasefire,Real
peace,Real
deal,Real
point,Real
journalists,Real
seen,Real
holding,Real
foreheads,Real
nodding,Real
dismay,Real
attempt,Real
bring,Real
things,Real
control,Real
us,Real
vice,Real
president,Real
stepped,Real
saying,Real
disagreements,Real
let,Real
go,Real
litigate,Real
disagreements,Real
instead,Real
fighting,Real
front,Real
american,Real
media,Real
wrong,Real
know,Real
zelensky,Real
wrong,Real
days,Real
ago,Real
donald,Real
trump,Real
called,Real
zelensky,Real
dictator,Real
accused,Real
zelensky,Real
starting,Real
war,Real
back,Real
oval,Real
office,Real
donald,Real
trump,Real
immediately,Real
think,Real
good,Real
american,Real
people,Real
going,Real
kept,Real
story,Real
long,Real
thankful,Real
us,Real
done,Real
just,Real
don,Real
cards,Real
go,Real
solo,Real
trump,Real
took,Real
moment,Real
say,Real
great,Real
tv,Real
attempt,Real
lighten,Real
mood,Real
almost,Real
scolding,Real
zelensky,Real
trump,Real
people,Real
dying,Real
re,Real
running,Real
low,Real
soldiers,Real
tell,Real
us,Real
don,Real
want,Real
ceasefire,Real
want,Real
go,Real
fighting,Real
look,Real
need,Real
call,Real
ceasefire,Real
bullets,Real
stop,Real
flying,Real
no,Real
lives,Real
lost,Real
want,Real
ceasefire,Real
clearly,Real
don,Real
want,Real
ceasefire,Real
trump,Real
accusatory,Real
tone,Real
zelensky,Real
hit,Real
back,Real
asking,Real
trump,Real
ask,Real
predecessors,Real
say,Real
ceasefire,Real
trump,Real
immediately,Real
guy,Real
named,Real
biden,Real
not,Real
smart,Real
person,Real
insulting,Real
former,Real
us,Real
president,Real
something,Real
done,Real
campaign,Real
rallies,Real
perhaps,Real
oval,Real
office,Real
remark,Real
will,Real
almost,Real
certainly,Real
widen,Real
fissure,Real
republicans,Real
democrats,Real
president,Real
exclaimed,Real
zelensky,Real
bit,Real
shocked,Real
trump,Real
outburst,Real
biden,Real
trump,Real
continued,Real
speaking,Real
ukrainian,Real
president,Real
saying,Real
gave,Real
javelins,Real
man,Real
portable,Real
anti,Real
tank,Real
system,Real
obama,Real
gave,Real
sheets,Real
cover,Real
bodies,Real
thankful,Real
person,Real
actually,Real
helped,Real
let,Real
straight,Real
not,Real
cards,Real
us,Real
cards,Real
without,Real
us,Real
not,Real
cards,Real
president,Real
trump,Real
towards,Real
end,Real
argument,Real
cacophony,Real
press,Real
filled,Real
room,Real
high,Real
decibel,Real
meeting,Real
donald,Real
trump,Real
immediately,Real
shared,Real
message,Real
social,Real
media,Real
platform,Real
truth,Real
social,Real
wrote,Real
determined,Real
president,Real
zelenskyy,Real
not,Real
ready,Real
peace,Real
america,Real
involved,Real
disrespected,Real
united,Real
states,Real
america,Real
cherished,Real
oval,Real
office,Real
back,Real
ready,Real
peace,Real
president,Real
trump,Real
added,Real
wake,Real
ugly,Real
meeting,Real
hope,Real
peace,Real
ukraine,Real
seems,Real
indefinitely,Real
delayed,Real
president,Real
zelensky,Real
left,Real
without,Real
signing,Real
crucial,Real
deal,Real
first,Real
step,Real
ceasefire,Real
track,Real
latest,Real
news,Real
live,Real
ndtv,Real
com,Real
news,Real
updates,Real
india,Real
around,Real
world,Real
